콘텐츠명,룸개수,체크인시간,체크아웃시간
틸다하우스,6,14:30,11:00
골든파크호텔,38,15:00,11:00
호텔 시리우스 제주,280,3:00,11:00
제주토비스콘도,118,15:00,11:00
더큐브리조트 제주,255,15:00,11:00
신성리조트,62,15:00,11:00
체이슨호텔 더 리드,108,15:00,11:00
그랜드메르호텔,94,15:00,11:00
호텔서귀피안,30,15:00,11:00
호텔 스카브로,40,15:00,11:00
코즈게스트하우스,4,15:00,11:00
더포그레이스호텔앤리조트,144,15:00,11:00
골든파크호텔,38,15:00,11:00
더포그레이스 호텔앤리조트,144,15:00,11:00
에코그린리조트,56,15:00,11:00
브라운 스위트 제주 호텔 & 리조트,187,15:00,11:00
별장민박,5,,
그린민박,17,,
켄싱턴리조트 서귀포,223,15:00,11:00
제주유스호스텔,70,13:00,10:00
청정고을민박,2,,
추자도민박,6,,
내사랑추자야펜션민박,2,,
아이콘민박,5,,
추자도휴양펜션,6,,
나바론 민박,6,,10:00
물돌이민박,7,,
추자피싱랜드,7,,
밀물민박,1,,
이레민박,6,,
추사랑민박,5,,
대물민박,7,,
레몬이네 민박,7,,
조은민박,6,,
동일민박,3,,
에코하우스민박펜션,7,14:00,11:00
뉴아일랜드민박,10,,
추자바다25시,12,,
케니스토리 인 서귀포 ,324,15:00,11:00
제주펄관광호텔,88,14:00,11:00
유심이감성하우스민박,5,11:00,13:00
등대민박,6,,
사계절민박,3,,
봉골레 하우스 민박,5,11:00,10:00
유창민박,5,,
웰컴모텔,,3:00,12:00
웰컴모텔,,3:00,12:00
추자섬민박,5,,
웰컴호스텔,10,0:00,0:00
태성민박,6,,
신등대민박,5,,
숙박 테스트 ,11,6:00,6:00
다인리조트,93,15:00,12:00
그린트리인서귀포호텔,305,15:00,12:00
클럽ES리조트 제주,153,14:00,12:00
소풍(월정리),3,14:00,11:00
콤포스텔라 별들의들판,6,4:00,11:00
썬앤문리조트,,16:00,11:00
레드우드하우스,6,17:00,10:00
피디스테이션,7,17:00,10:30
밧돌 게스트하우스,6,16:00,11:00
동복리671,24,16:00,10:00
제주둥지펜션,8,15:00,11:00
안녕김녕sea,7,17:00,11:00
뚜르드제주,7,17:00,10:00
그림리조트,30,14:00,11:00
바다와자전거,3,16:00,10:00
제주 벨루가,,15:00,11:00
 제주치유숲 Global Ageing 치유농장,2,15:00,11:00
예스준게스트하우스,5,16:00,10:30
엔젤하우스,13,16:00,11:00
제주도연게스트하우스,5,17:00,10:00
수상한집 광보네,3,15:00,11:00
러브제주게스트하우스 산방산지점,7,16:00,22:00
아를하우스,2,17:00,11:00
제주동문게스트하우스,14,16:00,11:00
제주영숙,3,17:00,11:00
하마다 게스트하우스,4,17:00,10:00
바람이분다 게스트하우스,4,16:00,10:00
김군아미고게스트하우스,7,16:00,10:00
혼디,7,15:00,11:00
이뻬게스트하우스,3,16:00,11:00
뚜르드제주게스트하우스,7,17:00,10:00
시니스테이 민박,6,16:00,10:00
521 게스트 하우스,4,17:00,10:00
바람스테이,1,16:00,11:00
협재해오름펜션,3,15:00,11:00
여울목 펜션(강정동),4,15:30,11:00
밭담사이,2,15:00,11:00
머무름민박,6,14:00,12:00
힐파크모텔,35,15:00,11:00
호텔 앨리스앤트렁크,80,15:00,11:00
돌꽃펜션,,15:00,11:00
파도봐펜션,12,15:00,11:00
뜨레향 펜션,2,16:00,11:00
슬로우리제주 민박,2,16:00,11:00
헌치 게스트하우스,3,14:00,11:00
월정플레이스,,15:00,10:00
경소하라하우스 제주독채펜션,3,18:00,11:00
민박집섶낭,1,16:00,11:00
스카이 힐 비지니스호텔,92,15:00,11:00
에코힐링하우스,7,15:00,11:00
디포레카라반파크,,15:00,11:00
토토하우스,3,15:00,11:00
펜션 수망가라,3,14:00,11:00
제주가좋아서 펜션,7,15:00,11:00
한담풍경하우스,5,15:00,11:00
두리안펜션,8,15:00,11:00
황재여관,9,,12:00
아름다운펜션민박,8,,
고려민박,5,,
다미네민박,3,,
여정여관,8,,
갤러리민박,4,,
김선장네 민박,9,,
인추자커피앤민박,4,15:00,11:00
제주머무리,3,15:00,11:00
씨사이드아덴,190,15:00,11:00
온평가 민박,,15:00,11:00
태흥여관,12,,
솔민박,,15:00,12:00
마눌펜션,4,16:00,11:00
스테이 협재10길 ,4,15:00,11:00
동도리동하우스,4,14:00,11:00
오후여섯시펜션,5,15:00,11:00
제주리조트,25,15:00,11:00
성게돌 펜션 ,5,15:00,11:00
제주파인비치카라반,6,16:00,11:00
서건도 카라반,15,15:00,11:00
솔로게스트하우스 앤 두루두루펜션,8,15:00,11:00
제주해나루,4,16:00,11:00
위미모루왓,4,15:00,11:00
개스트하우스 말2,3,16:00,10:30
러블리에스메랄다,2,17:00,13:00
하원가휴양펜션,6,15:00,11:00
언덕위에 빨간지붕,2,15:00,11:00
다락마마,4,16:00,10:30
여울목 펜션,4,3:30,11:00
해피펜션,,,
천상의노을,,,
골든튤립호텔,,,
쇠소깍올레민박,,,
제주필하우스,,,
라메종베니 두지엠,,,
로즈비치,,,
비비엔다,,,
제주베스트힐 펜션&글램핑,,,
스테이지게스트하우스,,,
비오하우스,,,
오름게스트하우스,,,
펜션 에덴호스텔,,,
달빛정원게스트하우스,,,
너를만나행복해,,,
단추스테이,,,
더캐슬,,,
코시롱게스트하우스,,,
선샤인호텔,,,
펄리플러스,,,
팜핑제주,,,
브릭216,,,
바다올레,,,
중문스테이,,,
달달하우스,,,
도일모텔,,,
제주도유,,,
범섬풍경,,,
제주의시간은느리다,,,
해변산책펜션,,,
눈먼고래,,,
제주올레펜션,,,
디스이즈핫,,,
킹스통나무,,,
아림민박,,,
하늘타리펜션,,,
갯바위펜션,,,
달집게스트하우스,,,
송정게스트하우스,,,
제주에살다,,,
스톤성민박,,,
포지타노인제주,,,
제주를여행하는히치하이커를위한안내소,,,
수앤수가족호텔,,,
약천골민박,,,
한라궁,,,
슬리퍼게스트하우스,,,
파도봐 펜션,,,
쉼표있는뜨락,,,
아이리스호텔,,,
플레이스 캠프 제주,,,
힐링 게스트하우스,,,
제주스웨덴리조트펜션,,,
소낭게스트하우스,,,
비아 제주,,,
가파도상동펜션,,,
블루오션,,,
돌담마을,,,
루피게스트하우스,,,
더아름다운펜션,,,
스토리빌,,,
통나무파크,,,
민준채,,,
폴라리스인제주,,,
중문햇빛펜션,,,
제주서울민박,,,
애월해안누리펜션(구 하얀둥지펜션),,15:00,11:00
제주프렌즈펜션,,,
귀덕리2723펜션,,,
오렌지펜션,,,
제주잔잔,,,
몽돌바당,,,
리틀포레스트,,,
가파도민박,,,
소람민박,,,
저스트슬립제주,,,
해피데이,,,
아델리아빌,,,
그림같은풍경,,,
제주올레캐슬휴양펜션,,,
롯데리조트아트빌라스,,,
굿데이 펜션,,,
글라라의집,,,
1915 지오하우스,,,
파인비치,,,
함덕삼다펜션,,,
안나106,,,
루하우스,,,
해호텔,,,
일출봉관광호텔,,,
늘바다통나무펜션,,,
올레관광호텔,,,
세화맨션,,,
서귀포통나무집,,,
유러하우스,,,
오션트리,,,
라마다 앙코르 서귀포 이스트 호텔,,,
바다애펜션,,,
에띠에리조트,,,
제주R호텔서귀포점,,,
제주메이플호텔,,,
아마레펜션,,,
소라담하우스,,,
비치스토리호텔,,,
런호텔,,,
브리즈베이호텔,,,
연이네다락방 게스트하우스,,,
알로하민박,,,
노을과 포도향기,,,
메이저호텔,,,
슴게스트하우스 제주공항점,,,
웰리조트,,,
메종드오조락,,,
친친하우스,,,
나미송 머무는 곳,,,
제주솔향기펜션,,,
제주야자원,,,
호텔 더블유 신제주점(hotel W),,,
와락 게스트하우스,,,
물메랑,,,
드림캐슬,,,
토끼섬게스트하우스,,,
제주금산펜션,,,
보물섬,,14:00,11:00
탱자탱자게스트하우스,,,
삼보민박,,,
제주스테이비우다,,,
라오체리조트,,,
고망난돌민박가든,,,
제이드림호텔(jdream hotel),,,
도도펜션,,,
호스텔린든(Hostel lyndon),,,
프라이빗리조트,,,
우진샘펜션,,,
스머프하우스,,,
해오름민박,,,
뉴제주펜션,,,
뉴경남관광호텔,,,
부영CC관광호텔,,,
그레이스관광호텔,,,
차귀도게스트하우스,,,
비울채울펜션,,,
해안풍경펜션,,,
그림리조트,,0:00,0:00
제주펜션향림원,,,
파인빌,,,
제주토브,,,
게으른소나기,,,
우도올레펜션,,,
강정서부민박,,,
올레요리조트,,,
제주펜션오다,,,
탐라누리,,,
썬베이펜션,,,
서귀포귤림성,,,
바다향기,,,
내도바당펜션,,,
미소가펜션,,,
하니크라운호텔,,,
제주카라반,,,
아이랑키즈펜션,,,
디셈버호텔,,,
아프리카게스트하우스,,,
신라호텔제주,,,
스위트호텔 제주,,,
플라마 펜션,,,
엠버리조트,,,
달빛고운펜션,,,
이린펜션,,,
제주풍경하우스,,,
동원리조트제주,,,
돌집조앤정,,,
허브올레펜션,,,
스토리인제주게스트하우스,,,
아쿠아뷰티크,,,
난드르통나무집,,,
달콤한아침,,,
바다스케치,,,
마라도별장,,,
캠퍼트리호텔앤리조트,,,
호텔난타,,,
제주애,,,
그림같은집,,,
토리코티지카레클린트,,,
씨엘블루호텔,,,
패밀리아팬션,,,
몽쉘게스트하우스,,,
제주황토펜션,,,
클로버비앤비,,,
동해모텔,,,
모두올레 애견펜션,,,
베니키아호텔제주,,,
재즈마을리조트,,,
쏠레 민박,,,
뉴그린모텔,,,
호텔엘린,,,
미도모텔,,,
A COTE 아꼬떼하우스,,,
호텔레오,,14:00,12:00
여행스케치,,,
이야기별방,,,
사쿠라모텔,,,
호끌락80번지,,,
잇츠힐,,,
에이지하우스,,,
인더 하우스,,,
썬레이크빌제주,,,
제주썬호텔&카지노,,,
중문통나무휴양펜션,,,
뉴코리아유스호스텔,,,
부르네스테이,,,
보오메꾸뜨르호텔,,,
바다산책,,,
보리게스트하우스,,,
오비두스,,,
호텔더블유 탑동점,,,
다이아나호텔,,,
화인호텔,,,
빠레브호텔,204,0:00,0:00
제주포시즌호텔,,,
투데이제주펜션,,,
피우다 게스트하우스,,,
씨에스호텔앤리조트,,,
리브라이프스테이,,,
제주조천스위스마을게스트하우스,,,
초,,,
다이브게스트하우스,,,
제주하늘푸른바다펜션,,,
삼해인관광호텔,,,
더레드관광호텔,,,
제주오리엔탈호텔,,15:00,12:00
예촌민박,,,
유니호텔제주,,,
우리두리게스트하우스,,,
루시드엠,,,
BK호텔제주,,,
까사올라게스트하우스,,,
나무이야기게스트하우스 3호점,,,
말짜게스트하우스,,,
제주도푸른산푸른바다,,,
제주디오빌,,14:00,11:00
제주bp게스트하우스 JEJU BP GUESTHOUSE,,,
중문올레펜션,,,
르페도라,,14:00,12:00
훼밀리민박,,,
힐링하우스,,,
채송화민박,,,
오름길벗 게스트하우스,,,
호텔아로하,,,
스위트모텔,,,
신강남모텔,,,
꽃머채 펜션,,,
꿈의바다,,,
휴마루리조트,,,
나뜨랑펜션,,,
가이아호텔,,,
봉아저씨네민박,,,
블루베이휴양펜션,,,
백패커스홈,,,
달자펜션,,,
장원민박,,,
베니키아 중문호텔,,,
빌로우비치호텔,,,
이경훈 게스트하우스,,,
단디해라 게스트하우스,,,
이공일삼게스트하우스,,,
꿀잠자리,,,
더뷰리조트,,,
쁘띠제주빅터펜션,,,
간드락게스트하우스,,,
게스트하우스 도치,,,
하루앤하루,,,
이로제주,,,
애월애휴양펜션,,,
폴리폴리,,,
대명리조트 제주,,,
For 安(포안),,,
그럼에도불구하고게스트하우스,,,
기분좋은 민박,,,
꿈꾸는 노마드,,,
트로피카 게스트하우스,,,
꿈꾸는정원,,,
나무이야기,,,
해뜨는집 (남원),,,
코자호텔,,,
타미우스골프앤빌리지,,,
곱을락 (숙박),,,
호텔제이엠,,14:00,12:00
하녹펜션,,,
ZeZuZip,,,
가원비치펜션,,,
온더스톤게스트하우스,,,
토마스하우스,,,
늘푸른 게스트하우스,,,
동산나라펜션,,,
해바라기,,,
바닷가하우스펜션,,,
블란디야,,,
제주시드니호텔,,,
바이린하우스,,,
제주우리집펜션,,,
에바다라이더하우스.공방,,,
한라앤탐 펜션,,,
산방산게스트하우스,,,
초록하우스,,,
노을과원담,,,
제주산내들,,,
마주보기펜션,,,
오름풍경펜션,,,
제니빌펜션,,,
그녀이야기 게스트하우스,,,
삼다펜션,,,
야호비치하우스,,,
벼리게스트하우스,,,
미쓰홍당무하우스,,,
아침의 새소리,,,
제주도통나무펜션,,,
로그맨하우스,,,
환상의민박,,,
땅콩펜션,,,
더하도스파빌라,,,
연지민박,,,
더갤러리펜션,,,
코코스펜션,,,
해일월,,,
제주엔펜션,,,
노을과어울림,,,
오누게스트하우스,,,
MJ펜션&리조트,,,
리버풀펜션,,,
팜빌리지,,,
플로라펜션,,,
제주노스빌리지,,,
소풍이야기 펜션,,,
엘쯔타운펜션,,,
아침의향기,,,
제주양떼목장,,,
시월애,,,
늘해랑펜션,,,
지니아펜션,,,
오션스퀘어,,,
마리아주펜션,,,
더본 호텔,,,
해담은스파빌,,,
제주도 레인보우,,,
바다로가는길목,,,
해아래펜션,,,
넙빌레하우스,,,
밸류호텔 월드와이드 제주,,,
바닷가하얀집,,,
남촌풀하우스,,,
네모난 집,,,
초콜릿펜션,,,
루미수다게스트하우스,,,
캠프마라도,,,
제주신신휴양펜션,,,
드림시아펜션,,,
외돌개나라,,,
자연하우스,,,
하와이펜션,,,
올레스테이,,,
제주아트하우스,,,
하랑 게스트하우스,,,
일레인호텔,,,
나무이야기 하우스,,,
하늘조각,,,
제주파도소리,,,
노블렛휴양펜션,,,
제주아일,,,
준하우스,,,
모네하우스,,,
뉴아일랜드호텔,,,
하도어촌계펜션,,,
베르사체,,,
b5m 민박,,,
디아일랜드 블루 호텔,,,
웰빙하우스,,,
마이테르유스호스텔,,,
우도피아,,,
남원화이트빌리지,,,
노을담은뜨락,,,
코티지락독채펜션,,,
유로리조트,,,
산방산해오름펜션,,,
예하게스트하우스,,,
오션스위츠호텔 제주,,14:00,12:00
에리두 Cafe n Beds,,,
에쿠스모텔,,,
레디메이드,,,
레프트핸더 게스트하우스,,,
뜨리바다펜션,,,
제주캠핑올레,,,
우리이야기,,,
라이온힐펜션,,,
늘송파크텔,,,
제주별장,,,
옛살라비,,,
오렌지트리 호텔,,,
다래산장,,,
라포즈,,,
김마담하우스,,,
올레프로방스,,,
월령게스트하우스,,,
허브인휴양펜션,,15:00,11:00
다이아몬드 호텔,,20:00,10:00
달콤한소금만들기,,,
더베이리조트,,15:00,11:00
메종글래드 제주,,14:00,12:00
야자수민박(제주캠핑베이),,,
꽃향기바다소리,,,
제주시 그린모텔,,,
제주빌레성 통나무휴양펜션,,,
올레코지하우스,,,
외도바다민박,,,
로그빌리지 펜션,,,
린앤솔게스트하우스,,,
제주아이브리조트,,15:00,11:00
물고기나무게스트하우스,,,
제주올레하우스팬션,,,
윈드힐펜션,,,
라온호텔앤리조트,,15:00,11:00
로지게스트하우스,,,
곰씨비씨게스트하우스,,,
비안,,,
호도하우스,,,
중문그린힐통나무펜션,,,
카이리조트,,,
헌스빌펜션,,,
제주올레모텔,,,
킴스캐빈,,,
테라피민박,,,
풍차와노을 독채펜션,,,
위더스펜션,,,
유앤아이게스트하우스,,,
엠마오가는길,,,
서귀포오소록민박,,,
블루하와이리조트,,,
호텔 마레,,,
신촌돌집,,,
새벽별 펜션,,,
미르빌펜션,,,
카노푸스 게스트하우스,,,
밀라노 모텔,,,
파미유스파리조트,,,
민중각 게스트하우스,,,
탐탐56,,,
아리,,,
아마빌레,,,
바우하우스,,,
블랙샌즈호텔,,,
오슬로호텔,,,
제주로얄호텔,,,
너울빌리지,,,
산호펜션,,,
성산풀하우스,,,
발로바쉬,,,
하늘땅물벗펜션,,,
바사팬스파,,,
로베로호텔,,,
몬딱쉼터,,,
바다추억,,,
테마하우스,,,
가까이에파도소리,,,
볕들이펜션,,,
부띠끄풀빌라루온토,,,
제주팡숑예래,,,
캐빈타운,,,
팔도민박,,,
조은리조트,,,
목조 독채민박 멍3닷컴,,,
로뎀펜션,,,
뽀요요펜션,,,
브라운캐빈,,,
코델리아리조트,,,
콤마게스트하우스,,,
라마다 제주 함덕 호텔,,,
바다파파,,,
방울풍뎅이 하우스,,,
바다해호텔,,,
해성파크텔,,,
바다와 공원,,,
레이크힐스 제주 리조트,,,
소담펜션,,,
제주란펜션,,,
inn jeju 인제주 게스트하우스,,,
제주휴리조트,,,
해바라기 펜션,,,
테디밸리호텔,,,
아스타호텔,,,
헤리티지,,,
비파민박,,,
오빌하우스,,,
호텔더원,,,
제주코기네,,,
리치웨이 펜션,,,
쉴만한 물가,,,
골든튤립 제주 성산호텔,,,
하도리일번지,,,
엠스테이호텔,,,
포시즌펜션,,,
디아넥스 호텔,,,
서귀포KAL호텔,,14:00,12:00
선스토리,,,
제주마실게스트하우스,,,
호텔 리젠트마린,,,
제주별바람,,,
숲골 제주독채펜션,,,
마레보 리조트,,,
푸른솔맑은향,,,
베리안,,,
별똥별채집소,,,
셋째날,,,
소리게스트하우스,,,
아인스호텔,,,
라벤다호텔,,,
홍익샤모니리조트,,,
트리하우스,,,
중문빌리지,,,
몬떼뷰 스테이,,,
민박하얀집,,15:00,11:00
나날 게스트하우스,,16:00,10:00
씨스테이호텔,,,
레지나팬션,,,
도원펜션,,,
일출썬 펜션,,,
황토골,,,
무위재,,,
덕천씨엘빌,,,
나쿠펜다 제주,,,
제주엘루이호텔,,,
제주공항 고추잠자리 게스트하우스,,,
하쿠나마타타게스트하우스,,,
비앤비호텔,,,
밀감나무펜션,,,
바다드림,,,
산호상점&하우스,,,
여래게스트하우스,,,
베스트웨스턴제주호텔,,,
썬라이즈호텔,,,
애월포구풍경,,,
하바나블루스,,,
블루팜파크,,,
에코힐글램핑,,,
절물길펜션,,,
수필하우스,,,
숨비아일랜드,,,
GUROOMI,,,
IGH펜션,,,
푸른콘도,,,
가름게스트하우스,,,
가산토방,,,
두베하우스,,,
프레리아,,,
가족민박,,,
휴양펜션 돌과바람,,,
보타니1596,,,
건축학개론펜션,,,
하이클래스제주,,,
놀이터게스트하우스,,,
걸리버여행,,,
JJ하우스,,,
바람돌이하우스,,,
쫄깃센터,,,
103순례자의집,,,
해마지펜션,,,
제마펜션,,,
하워드 존슨 호텔 제주 서귀포 하버,,,
돌담민박,,,
초원게스트하우스,,,
제주샘모루펜션,,,
하얀언덕,,,
늘작,,,
제주가온29,,,
아버지의 바다,,,
바다숨소리스파펜션,,,
쥬빌리펜션,,,
펠리스타운,,,
스카이리더스호텔,,,
동양콘도,,,
파더하우스,,,
스마일모텔,,,
해피데이 민박,,,
솔바람풍경소리펜션,,,
스쿠버스토리,,,
아름다운리조트,,,
나무이야기게스트하우스,,,
켄싱턴리조트 제주 한림점,,,
풍경호텔(풍경관광호텔),,,
필그림 BnB,,,
추자바다 25시,,,
제주노블레스관광호텔,,,
이디하우스n카페,,,
포유펜션,,,
엄블랑펜션,,,
편운산장,,,
제주알호텔(R호텔),,,
돌빌리지펜션,,,
마빈,,,
나무이야기게스트하우스 2호점,,,
알랑가게스트하우스,,,
나바론민박,,,
갤럭시호텔 제주,,,
제니아호텔,,,
블루마운틴호텔,,,
엠버관광호텔,,,
라자관광호텔,,,
베니키아 아이진호텔,,,
이어도펜션,,,
해변의집,,,
할망숙소,,,
골든비치,,,
한라하이츠펜션,,,
담앤루펜션리조트,,,
단빌리지게스트하우스,,,
제주모모,,,
닐펜션,,,
미래하우스,,,
소섬바당,,,
JK라마다앙코르 제주연동호텔,,,
더살다,,,
제이앤클로이,,,
밥게스트하우스,,,
오조리비앤비(Ojoribnb),,,
토마토하우스,,,
잼잼팩토리,,,
마라도게스트하우스,,,
단추스테이 단추숲,,,
아모렉스리조트,,,
제주파크랜드,,,
야스라기펜션,,,
다솜펜션,,,
쇠소깍섬도리왓펜션,,,
이뻬게스트하우스,,,
바다의향기,,,
산과바다사이,,,
사랑터울,,,
바다위올레펜션,,,
그라벨호텔제주,,,
호텔 샬롬제주,,,
제주돌집2호점 (스코리아),,,
JAY&CHLOE,,,
제주BNB펜션,,,
썬비치민박,,,
백악관민박,,,
초록새록,,,
산방산에펜션,,,
동촌하우스,,,
한모살,,,
제주쉼표,,,
메모리제주펜션,,,
엠버하우스,,,
지현민박,,,
더하우스펜션,,,
더코브호텔,,,
하도하도1929,,,
신흥소시민,,,
까사데비발디호텔,,,
게스트하우스 클럽 제이제이,,,
그림그리는펜션,,,
블루마린,,,
아침해변,,,
베누스무인텔,,,
표선이레하우스,,,
루시드봉봉,,,
예이츠산장,,,
비젠빌리지,,,
함덕산티아고게스트하우스,,,
디아일랜드마리나,,,
펜션소설,,,
지니코티지,,,
욜로게스트하우스,,,
하도리보통날,,,
푸른밤글램핑게스트하우스,,,
제주인호텔,,,
자유게스트하우스,,,
아올키즈펜션,,,
비고르,,,
바람이머물다,,,
노낭게스트하우스,,,
제주다이브 게스트하우스,,,
제주이글루,,,
객의하우스,,,
해비치호텔앤드리조트,,15:00,12:00
아이비테라스,,,
제주부영청소년수련원,86,15:00,11:00
소랑풀빌라,,,
제주 메이 더 호텔 카라반빌리지,,,
사차원게스트하우스,,,
성산아침노을펜션,,,
소소게스트하우스,,,
고불락하우스,,,
쪼인게스트하우스,,,
태흥리조트,,,
테스트2,,,
편백나무 한옥펜션 먼나머루,,,
동백동산펜션,,,
관식이네민박,,,
하도리민박,,,
UTS제주골프빌리지,,,
한옥휴양타운펜션,,,
도시락게스트하우스,,,
호텔섬오름,,,
고양이정원,,,
Oh! 세화! (오세화게스트하우스),,,
봉쟈 게스트하우스,,,
볼레낭펜션,,,
콴도제주,,,
히든클리프 호텔 앤 네이쳐,,,
나무처럼 게스트하우스,,,
안녕한계절,,,
산방산클립게스트하우스,,,
라림부띠끄호텔,,,
덕후게스트하우스,,,
흰고래게스트하우스,,,
달빛빌리지,,,
안녕제주,,,
언니게스트하우스,,,
뱅디가름게스트하우스,,,
동굴민박,,,
핸즈인제주,,,
이디wan,,,
수하리839,,,
송림원,,,
하도하도3200,,,
아토하우스,,,
바다별,,,
아모르하우스,,,
하늘정원펜션,,,
옥빛바다민박,,,
나무아래독채펜션,,,
소풍BnB,,,
모루티,,,
제주 스카이라인 휴양펜션,,,
메르빌 펜션 & 게스트하우스,,,
씨엘드제주,,,
밍기적게스트하우스,,,
별마로펜션,,,
더들집,,,
힐링캠프펜션,,,
쉴띠펜션&게스트하우스,,,
제주와요펜션,,,
에스호텔,,,
파파야게스트하우스 펜션,,,
랑 글램핑,,,
쉼게스트하우스,,,
다올제민박,,,
노닐다 게스트하우스,,,
라마다 제주시티호텔,,,
볼몽지엥하우스,,,
소낭재,,,
안뜨르 펜션,,,
체이슨호텔 더 스마일,,,
에덴통나무빌리지,,,
나인스파빌,,,
해안길펜션,,,
우도몽생이,,,
빌림,,,
더블루제주,,,
맑은바람 펜션,,,
블랙롯지,,,
제주항공우주호텔,,,
길섶나그네펜션,,,
커플게스트하우스,,,
발리인제주,,,
메종드판포,,,
제주목화휴양펜션,,,
스카이워커,,,
아이존호텔,,,
빌라배알로,,,
무이비엔,,,
마린포트리조트,,,
마레카펜션,,,
우도쉼팡게스트하우스,,,
클레멘타인,,,
세화리움,,,
매직우드펜션,,,
차니비니게스트하우스,,,
우도스쿠버리조트,,,
카사마리나,,,
해녀촌민박,,,
썬비치리조트,,,
해뜨는집 (도두),,,
도로시게스트하우스,,,
배목수집,,,
용두암빌리지,,,
제주마로펜션,,,
펜션형민박꿈꾸는숲,,,
오션스카이,,,
제주사랑 펜션,,,
데이빗펜션,,,
예닮게스트하우스,,,
사면초가펜션,,,
금서방네이층집,,,
유탑유블레스호텔,,,
남쪽나라빌,,,
사랑이꽃피는민박,,,
제주머무리 삼양힐링팜,,,
우도그린휴양펜션,,,
알앤비타운,,,
마당돌펜션,,,
테스트3,,,
조천스테이,,,
비자낭달집,,,
아이콘펜션,,,
솔베이지펜션,,,
바랑쉬게스트하우스,11,16:00,10:00
웨스티하우스,,,
디포레카라반파크,,15:00,11:00
라신비,,15:00,10:00
숙박 테스트 ,11,2:30,20:00
한화리조트 제주,,,
2342342,3,0:00,0:00
3.24E+12,,0:00,0:00
서귀포호텔  카라반,,15:00,11:00
자장자장펜션,,15:00,11:00
바르게스트하우스,3,16:00,10:00
언니네여인숙,3,17:00,10:00
우연히 행복해지다,,15:30,10:30
조천댁,,16:00,12:00
스테이달하,,15:00,11:00
더 프라이빗 시로,2,15:00,11:00
더블루민박,,,
하티게스트하우스,,16:00,10:00
하루나의 뜰,2,15:00,11:00
돌고래하우스(캠핑장),,,
뉴제주호텔,,,
에이티눈호텔,,,
팜힐,,,
제주해안휴양펜션(제주해안펜션),,15:00,11:00
느르왓 민박,,16:00,10:00
느르왓,,16:00,10:00
퐁낭하우스제주,4,,
이안재 ,,15:00,10:00
게스트하우스7,5,16:00,10:00
제주카사블랑카펜션,,16:00,11:00
포구민박,,,
가비오타 펜션,5,15:00,11:00
우리희망이 게스트하우스,,16:00,10:00
아템파우제,,16:00,11:00
봄그리고가을호텔&리조트,,15:00,11:00
제주 야원독채펜션,,,
나비스호텔,,,
베이힐 풀앤빌라,,15:00,11:00
민박바당집,,16:00,11:00
캐슬 드 한림,,,
제주 에코 스위츠 펜션,,,
Jeju in aA게스트하우스,,,
메이풀하우스,,,
몽마르뜨펜션,,,
제주그린펜션,,,
하얀산호민박,,,
무뚱하우스,3,4:00,11:00
테스트 숙박,,0:00,0:00
제주이야기펜션,,,
해성펜션,,,
그린사이드펜션,,,
리치망고펜션,,,
쿨쿨하우스,,,
조이다이브 게스트하우스,,,
제주통나무휴양펜션,5,14:00,12:00
홍익제주호텔,,,
산토리니 펜션,,,
스토리하우스펜션,,,
올레해오름펜션,,,
하얀도화지,,,
해비치 바람의집 펜션&카페,,,
제주도푸른바다,,,
안녕프로젝트 게스트하우스,,,
cafe말/개스트하우스 말,,,
비롯하우스,,,
달빛바다,,,
감비나무,,15:00,11:00
고내촌휴양펜션,,,
숲속의궁전,,,
모물펜션,,,
신산게스트하우스,,,
올리수펜션,,,
유월그리고열두마루,,,
뉴그린펜션,,,
대유모텔,,,
블루비치,,,
발리호텔,,,
또올레펜션&게스트하우스,,,
미소게스트하우스,,,
마이하프타임펜션,,,
햇살정원 제주캠핑,,,
탑팰리스호텔,,,
해피휴펜션,,,
루체빌리조트,,,
블루네집,,,
이런날엔,,,
블랑게스트하우스,,,
제주감귤농협카라반,,,
해비치불턱카페&게스트하우스,,,
뉴크라운호텔,,,
북마크하우스&카페,,,
대명 샤인빌리조트,,,
리니민박(RINY),,,
다인오세아노 호텔,,15:00,
우도노을사랑,,,
낭만펜션,,,
월정소랑,,,
유니콘펜션,,,
자넷앤캐시,,,
하이디펜션,,15:00,11:00
아라벨롱 게스트하우스,,,
섬타임즈,,,
눈의꽃 하우스,,15:00,11:00
미르앤러브게스트하우스,,,
밸류호텔 서귀포(VALUE HOTEL Seogwipo JS),,,
팜밸리리조트,,,
제주마리나관광호텔,,15:00,11:00
미도호스텔,,16:00,11:00
하늘을달리다,,,
하늘고래,,,
제주나인 부띠끄,,,
아트모텔,,,
동막골게스트하우스,,,
허브펜션 오즈,,,
포비네오두막게스트하우스,,,
하도하도 3200,,16:00,11:00
더쉼팡스파&풀빌라,,,
레몬트리게스트하우스,,,
김녕한옥 용암정원,,,
게으르게,,,
폴리 파크 카라반,,,
에너벨리민박,,,
율게스트하우스,,,
사계여행민박,,,
비스타리조트,,,
제주팔레스호텔,,,
메이더호텔,,,
서귀포푸른바다,,,
메모리 인 제주 펜션,,,
노블레스호텔,,,
청춘게스트하우스,,,
사조리조트,,,
미라클게스트하우스,,,
블랙스톤리조트,,,
더비비스제주,,,
라메종베니in제주,,,
나무사이로햇살이,,,
드헤브펜션,,,
빠담빠담게스트하우스,,,
비지터게스트하우스,,,
몬딱게스트하우스,,,
호텔 스카이파크 제주1호점,,,
파인힐호텔,,,
또오크라,,,
휘슬락호텔,,,
제주바다펜션,,,
제주하나호텔,,,
해마관광호텔,,,
다노이커플펜션,,,
시땅,,,
김녕몽생이,,,
구름밭하우스,,16:00,11:00
서귀포시달빛게스트하우스,,,
놀멍쉬멍고르멍,,,
파크사이드호텔,,,
거드락지민박,,,
신화관 제주신화월드 호텔 앤 리조트,,15:00,12:00
펜션머물다,,,
호텔컬리넌제주,,,
케이관광호텔제주,,,
자연인,,,
라파로마휴양펜션,,,
바당정원펜션,,15:00,11:00
핫플게스트하우스,,,
에프원모텔,,,
로그하우스,,,
구름비낭,,,
종달스토리,,,
랑주호텔,,,
제주아이비호텔,,,
에덴호스텔,,,
폴에이리조트,,16:00,11:00
조이랜드펜션,,,
롯데호텔 제주,,15:00,11:00
데이즈호텔 제주서귀포오션,,,
루스톤빌라앤호텔,,,
롯데시티호텔제주,,,
펜션연리,,,
파크 선샤인 제주,,,
아인피플호텔,,,
펠리시아호텔,,,
하워드존슨 제주 연동 호텔,,,
씨앤관광호텔,,,
제주 오션팰리스 호텔,,,
파밀리아호텔,,,
오션그랜드호텔 (함덕),,,
하바다 통나무집,,,
모멘토호텔,,,
제주 리치호텔,,,
제주KAL호텔,,,
아뜨네통나무펜션,,,
오시록헌펜션,,,
동박생이,,16:00,10:30
오랑제리펜션,,,
소랑호젠,,,
중문훼미리리조트,,,
토스카나호텔,,,
엠버호텔 센트럴,,,
솔로 게스트하우스,,,
우도사랑,,,
동네형들게스트하우스,,,
이디살래,,,
샤론의 집 펜션,,,
로그밸리,,,
활엽수 게스트하우스,,,
꿈꾸는바다,,,
펜션해다미,,,
비치조아,,,
예다움휴양펜션,,,
섭지코지하우스,,,
란펜션,,,
해돋는마을,,,
제주성산아일랜드,,,
CS빌리지,,,
마니주팬션,,,
신라스테이 제주,,,
해오름정원,,,
나무향기펜션,,,
전원민박,,,
금호리조트제주,,,
퍼시픽호텔,,,
그린나래,,,
바당갤러리펜션,,,
일성 제주비치콘도&리조트,,,
제주비치펜션,,,
밀레니엄빌,,,
바다풍경펜션,,,
제주해조대펜션,,,
UncleBORO게스트하우스,,,
피노호텔,,,
켄싱턴제주호텔,,,
제주부영호텔엔리조트,,,
강남하우스펜션,,,
바산올레펜션,,,
배배게스트하우스,,,
스프링데일골프앤리조트,,,
호텔빠레브,204,,
씨제이 관광호텔,,,
오션하우스,,,
제주하이킹 INN(구덕게스트하우스),,,
꿈꾸는섬 게스트하우스,,,
더쇼어호텔제주,,,
성산우리집 펜션,,15:00,11:00
제주엠리조트,,15:00,11:00
랜딩관 제주신화월드 호텔앤리조트,,15:00,12:00
메리어트관 제주신화월드 호텔앤리조트,,15:00,12:00
서머셋 제주신화월드 호텔앤리조트,,15:00,12:00
더클라우드호텔,,,
북촌플레이스,,,
엘마르게스트하우스,,,
블루펄,,,
흰수염고래리조트,,,
이찌마루&잠비,,,
아리스토캣펜션,,,
이모와 삼촌네,,,
뿌리게스트하우스,,,
해변여행,,,
파크빌리지,,,
푸르미르 펜션,,,
제주락,,,
이쁜새이쁘게노래하고펜션,,,
지삿개풍경,,,
라마다프라자제주호텔,,,
실크로드펜션,,,
제주애단비,,15:00,11:00
오조리337 게스트하우스,2,17:00,10:00
끄라비펜션,,15:00,11:00
디오션힐,,,
제주쉐르빌(중문),,,
골드원호텔 & 스위트,,,
수상한소금밭게스트하우스,,,
꽃하루방게스트하우스,,,
돌담한길펜션,,,
또랑게스트하우스,,,
휘닉스 제주 섭지코지,,,
포도호텔,,,
여울목게스트하우스(월정리),,,
뒹글하우스,,,
돈내코힐 리조트,,,
와이리조트 제주,,,
블라제리조트,,,
안트레 펜션,,,
be Lazy B&B,,,
제주WE호텔,,,
청재설헌,,15:00,11:00
제주밭담숲,,,